{"stats":{"minecraft:custom":{"minecraft:jump":29,"minecraft:time_since_rest":1855,"minecraft:leave_game":1,"minecraft:sprint_one_cm":12,"minecraft:walk_on_water_one_cm":92,"minecraft:play_time":1855,"minecraft:damage_taken":150,"minecraft:time_since_death":1855,"minecraft:walk_one_cm":3349,"minecraft:total_world_time":1855,"minecraft:walk_under_water_one_cm":236,"minecraft:drop":1,"minecraft:fall_one_cm":569,"minecraft:fly_one_cm":756},"minecraft:dropped":{"alexsmobs:animal_dictionary":1}},"DataVersion":3120}