{"stats":{"minecraft:crafted":{"minecraft:oak_planks":28,"minecraft:crafting_table":1,"minecraft:stick":4},"minecraft:custom":{"minecraft:time_since_rest":12639,"minecraft:crouch_one_cm":393,"minecraft:play_time":12639,"minecraft:sprint_one_cm":11028,"minecraft:damage_taken":160,"minecraft:walk_one_cm":11190,"minecraft:sneak_time":490,"minecraft:walk_under_water_one_cm":35,"minecraft:jump":104,"minecraft:damage_dealt":90,"minecraft:leave_game":1,"minecraft:time_since_death":12639,"minecraft:walk_on_water_one_cm":592,"minecraft:total_world_time":12639,"minecraft:interact_with_crafting_table":1,"minecraft:fall_one_cm":1159,"minecraft:fly_one_cm":93734},"minecraft:mined":{"minecraft:grass_block":1,"minecraft:oak_log":7,"minecraft:dirt":3,"minecraft:oak_leaves":2,"minecraft:crafting_table":1},"minecraft:used":{"minecraft:dirt":4,"minecraft:crafting_table":1,"minecraft:oak_planks":2},"minecraft:picked_up":{"minecraft:crafting_table":1,"minecraft:oak_log":7,"minecraft:dirt":4}},"DataVersion":3120}