{"stats":{"minecraft:mined":{"minecraft:grass_block":4,"minecraft:oak_log":6,"minecraft:dirt":1,"minecraft:birch_leaves":1,"minecraft:oak_leaves":2,"minecraft:crafting_table":1},"minecraft:used":{"minecraft:dirt":5,"minecraft:crafting_table":1,"alexsmobs:animal_dictionary":1},"minecraft:picked_up":{"minecraft:crafting_table":1,"minecraft:oak_log":6,"minecraft:dirt":5},"minecraft:killed_by":{"minecraft:enderman":1},"minecraft:crafted":{"minecraft:oak_planks":24,"minecraft:crafting_table":1,"minecraft:stick":4},"minecraft:custom":{"minecraft:time_since_rest":845,"minecraft:deaths":1,"minecraft:crouch_one_cm":15,"minecraft:play_time":13170,"minecraft:sprint_one_cm":14742,"minecraft:damage_taken":245,"minecraft:walk_one_cm":20280,"minecraft:sneak_time":15,"minecraft:walk_under_water_one_cm":234,"minecraft:jump":162,"minecraft:leave_game":1,"minecraft:time_since_death":822,"minecraft:walk_on_water_one_cm":865,"minecraft:total_world_time":13170,"minecraft:fall_one_cm":5913,"minecraft:interact_with_crafting_table":3,"minecraft:fly_one_cm":15064}},"DataVersion":3120}