{
  "dungeons_arise:wda_root": {
    "criteria": {
      "WDA": "2024-07-01 00:28:55 +0000"
    },
    "done": true
  },
  "betterdungeons:root": {
    "criteria": {
      "always": "2024-07-01 00:28:55 +0000"
    },
    "done": true
  },
  "betterdeserttemples:root": {
    "criteria": {
      "always": "2024-07-01 00:28:55 +0000"
    },
    "done": true
  },
  "lootr:root": {
    "criteria": {
      "always_true": "2024-07-01 00:28:55 +0000"
    },
    "done": true
  },
  "cataclysm:root": {
    "criteria": {
      "custom_test_name": "2024-07-01 00:28:55 +0000"
    },
    "done": true
  },
  "minecraft:adventure/adventuring_time": {
    "criteria": {
      "minecraft:forest": "2024-07-01 00:28:56 +0000",
      "minecraft:plains": "2024-07-01 00:29:19 +0000"
    },
    "done": false
  },
  "repurposed_structures:root": {
    "criteria": {
      "always": "2024-07-01 00:28:55 +0000"
    },
    "done": true
  },
  "DataVersion": 3120
}