{
  "dungeons_arise:wda_root": {
    "criteria": {
      "WDA": "2024-07-01 00:21:54 +0000"
    },
    "done": true
  },
  "betterdungeons:root": {
    "criteria": {
      "always": "2024-07-01 00:21:54 +0000"
    },
    "done": true
  },
  "betterdeserttemples:root": {
    "criteria": {
      "always": "2024-07-01 00:21:54 +0000"
    },
    "done": true
  },
  "lootr:root": {
    "criteria": {
      "always_true": "2024-07-01 00:21:54 +0000"
    },
    "done": true
  },
  "cataclysm:root": {
    "criteria": {
      "custom_test_name": "2024-07-01 00:21:54 +0000"
    },
    "done": true
  },
  "minecraft:adventure/adventuring_time": {
    "criteria": {
      "minecraft:stony_shore": "2024-07-01 00:22:20 +0000",
      "minecraft:forest": "2024-07-01 00:21:56 +0000",
      "minecraft:old_growth_birch_forest": "2024-07-01 00:22:56 +0000",
      "minecraft:plains": "2024-07-01 00:22:19 +0000"
    },
    "done": false
  },
  "repurposed_structures:root": {
    "criteria": {
      "always": "2024-07-01 00:21:54 +0000"
    },
    "done": true
  },
  "DataVersion": 3120
}